ID,Name/Username,Email,Signup Date,Last Login
1,Jane Doe,example@gmail.com,,
2,satyam,satyamdubey201202@gmail.com,,
3,satyam,satyam20@gmail.com,,
4,satyam,satyamdubey20@gmail.com,,
5,Test User,testuser123@example.com,,
6,satyam,satyam40@gmail.com,,
7,satyam,satyam123@gmail.com,,
8,satyam,satyam201202@gmail.com,,
9,satyam,satyamdubey22@gmail.com,,
10,satyam,satyam122@gmail.com,,
11,satyam dubey,satyam@gmail.com,,
12,satyam dubey,satyam12@gmail.com,,
13,satyam,satyam69@gmail.com,,
14,satyam dubey,satya21@gmail.com,,
15,rahul,rahul21@gmail.com,,
16,satyam dubey,satya@gmail.com,,
18,Test User,test@example.com,2026-05-30 14:33:56,2026-06-01 14:42:41
19,satyam,satyam21@gmail.com,2026-05-31 13:40:18,2026-05-31 13:40:29
